<step title="Incoming Request" date="2025-12-27T10:04:02.718" instance="978fb3" url="/api/zipdeploy?isAsync=true" method="POST" type="request" pid="768,1,5" Accept="*/*" Host="ai-quality-dashboard-backend-v2.scm.azurewebsites.net" User-Agent="AZURECLI/2.53.0 (MSI)" Accept-Encoding="gzip, deflate" Authorization="Bea..." Cache-Control="no-cache" Content-Type="application/octet-stream" Content-Length="8308" x-ms-client-request-id="4c24a7cb-e30b-11f0-8a5d-00155d1fb888" X-ARR-LOG-ID="4c24a7cb-e30b-11f0-8a5d-00155d1fb888" CLIENT-IP="139.5.248.177:64995" X-SITE-DEPLOYMENT-ID="ai-quality-dashboard-backend-v2" WAS-DEFAULT-HOSTNAME="ai-quality-dashboard-backend-v2.scm.azurewebsites.net" X-Forwarded-Proto="https" X-AppService-Proto="https" X-Forwarded-TlsVersion="1.3" X-WAWS-Unencoded-URL="/api/zipdeploy?isAsync=true" X-Client-IP="139.5.248.177" X-Client-Port="64995" >
  <step title="ZipPushDeploy" date="2025-12-27T10:04:06.073" >
    <step title="ZipDeploy. Extract zip." date="2025-12-27T10:04:06.148" /><!-- duration: 11ms -->
    <step title="None repository commit" date="2025-12-27T10:04:06.237" >
      <step title="Commit id: f95d11ef-5adf-4fa8-8531-72b8c49da6ee" date="2025-12-27T10:04:06.254" Message="N/A" AuthorName="N/A" AuthorEmail="N/A" /><!-- duration: 19ms -->
    </step><!-- duration: 46ms -->
    <step title="Starting PushDeployAsync" date="2025-12-27T10:04:06.321" /><!-- duration: 9ms -->
    <step title="Writing artifact to /tmp/zipdeploy/b63fe168-47bc-45d9-82f1-5f819c13e5bc.zip" date="2025-12-27T10:04:06.436" >
      <step title="Writing multipart request body to /tmp/zipdeploy/b63fe168-47bc-45d9-82f1-5f819c13e5bc.zip" date="2025-12-27T10:04:06.459" /><!-- duration: 18ms -->
    </step><!-- duration: 72ms -->
    <step title="Start deployment in the background" date="2025-12-27T10:04:06.525" >
      <step title="Acquiring Deployment Lock" date="2025-12-27T10:04:06.576" /><!-- duration: 10ms -->
      <step title="Acquired Deployment Lock" date="2025-12-27T10:04:06.692" /><!-- duration: 5ms -->
    </step><!-- duration: 287ms -->
  </step><!-- duration: 754ms -->
  <step title="Outgoing response" date="2025-12-27T10:04:06.849" type="response" statusCode="202" statusText="Accepted" /><!-- duration: 9ms -->
</step><!-- duration: 4143ms -->
