<step title="BackgroundTrace" date="2025-12-27T09:39:10.023" instance="978fb3" url="/api/zipdeploy" method="POST" >
  <step title="Creating temporary deployment - FetchDeploymentManager" date="2025-12-27T09:39:10.153" /><!-- duration: 6ms -->
  <step title="Creating temporary deployment" date="2025-12-27T09:39:10.163" /><!-- duration: 66ms -->
  <step title="Performing fetch based deployment" date="2025-12-27T09:39:10.340" >
    <step title="Cleaning up temp folders from previous zip deployments and extracting pushed zip file /tmp/zipdeploy/1c21936d-a2ae-4669-aa2e-b7e994dad296.zip (0.67 MB) to /tmp/zipdeploy/extracted" date="2025-12-27T09:39:11.592" >
      <step title="ChmodRecursive Process exited with total time taken in ms: 115" date="2025-12-27T09:39:11.908" /><!-- duration: 12ms -->
    </step><!-- duration: 337ms -->
    <step title="Deployment timer started" date="2025-12-27T09:39:13.958" >
      <step title="DeploymentManager.Deploy(id:e083b54f-013f-4611-8eca-519877a28475)" date="2025-12-27T09:39:13.984" >
        <step title="Collecting changeset information" date="2025-12-27T09:39:14.003" /><!-- duration: 91ms -->
        <step title="Updating submodules" date="2025-12-27T09:39:14.103" /><!-- duration: 1180ms -->
        <step title="Determining deployment builder" date="2025-12-27T09:39:15.925" >
          <step title="Builder is BasicBuilder" date="2025-12-27T09:39:15.958" /><!-- duration: 5ms -->
        </step><!-- duration: 43ms -->
        <step title="PreDeployment: context.CleanOutputPath False" date="2025-12-27T09:39:16.014" >
          <step title="PreDeployment: context.OutputPath /home/site/wwwroot" date="2025-12-27T09:39:16.141" >
            <step title="Building" date="2025-12-27T09:39:16.298" >
              <step title="Executing external process" date="2025-12-27T09:39:16.694" type="process" path="starter.sh" arguments="/opt/Kudu/Scripts/parallel_rsync.sh /tmp/zipdeploy/extracted /home/site/wwwroot 8 /tmp/ False True  " /><!-- duration: 6193ms -->
              <step title="Triggering recycle (preview mode disabled)." date="2025-12-27T09:39:23.373" /><!-- duration: 4ms -->
              <step title="Modified file to trigger a restart of the app container." date="2025-12-27T09:39:23.406" /><!-- duration: 5ms -->
              <step title="Skip function trigger and logicapp sync because function is not enabled." date="2025-12-27T09:39:23.545" /><!-- duration: 30ms -->
            </step><!-- duration: 8013ms -->
          </step><!-- duration: 8181ms -->
          <step title="Cleaning up temp files" date="2025-12-27T09:39:24.327" /><!-- duration: 8ms -->
          <step title="Cleaning up temp files" date="2025-12-27T09:39:24.346" /><!-- duration: 529ms -->
          <step title="Reloading status file with latest updates" date="2025-12-27T09:39:24.951" >
            <step title="WebHooksManager.PublishEventAsync: PostDeployment" date="2025-12-27T09:39:24.962" /><!-- duration: 97ms -->
          </step><!-- duration: 125ms -->
          <step title="Cleaning up temporary deployment - fetch deployment was successful" date="2025-12-27T09:39:25.092" /><!-- duration: 34ms -->
        </step><!-- duration: 9472ms -->
      </step><!-- duration: 11524ms -->
