<step title="Incoming Request" date="2025-12-27T11:46:36.596" instance="978fb3" url="/api/zipdeploy?isAsync=true" method="POST" type="request" pid="768,1,35" Accept="*/*" Host="ai-quality-dashboard-backend-v2.scm.azurewebsites.net" User-Agent="AZURECLI/2.53.0 (MSI)" Accept-Encoding="gzip, deflate" Authorization="Bea..." Cache-Control="no-cache" Content-Type="application/octet-stream" Content-Length="874365" x-ms-client-request-id="ac7599cc-e319-11f0-809a-00155d1fb888" X-ARR-LOG-ID="ac7599cc-e319-11f0-809a-00155d1fb888" CLIENT-IP="139.5.248.177:53167" X-SITE-DEPLOYMENT-ID="ai-quality-dashboard-backend-v2" WAS-DEFAULT-HOSTNAME="ai-quality-dashboard-backend-v2.scm.azurewebsites.net" X-Forwarded-Proto="https" X-AppService-Proto="https" X-Forwarded-TlsVersion="1.3" X-WAWS-Unencoded-URL="/api/zipdeploy?isAsync=true" X-Client-IP="139.5.248.177" X-Client-Port="53167" >
  <step title="Cleanup Xml Logs" date="2025-12-27T11:46:36.600" /><!-- duration: 13ms -->
  <step title="ZipPushDeploy" date="2025-12-27T11:46:36.651" >
    <step title="ZipDeploy. Extract zip." date="2025-12-27T11:46:36.662" /><!-- duration: 5ms -->
    <step title="None repository commit" date="2025-12-27T11:46:36.679" >
      <step title="Commit id: d1c9ebc7-db4a-4651-9700-d077e7f52550" date="2025-12-27T11:46:36.702" Message="N/A" AuthorName="N/A" AuthorEmail="N/A" /><!-- duration: 4ms -->
    </step><!-- duration: 30ms -->
    <step title="Starting PushDeployAsync" date="2025-12-27T11:46:36.713" /><!-- duration: 4ms -->
    <step title="Writing artifact to /tmp/zipdeploy/d3b5f0c6-dabd-4a21-889a-382474c081bb.zip" date="2025-12-27T11:46:36.776" >
      <step title="Writing multipart request body to /tmp/zipdeploy/d3b5f0c6-dabd-4a21-889a-382474c081bb.zip" date="2025-12-27T11:46:36.780" /><!-- duration: 4ms -->
    </step><!-- duration: 578ms -->
    <step title="Start deployment in the background" date="2025-12-27T11:46:37.542" >
      <step title="Acquiring Deployment Lock" date="2025-12-27T11:46:37.600" /><!-- duration: 9ms -->
      <step title="Acquired Deployment Lock" date="2025-12-27T11:46:37.763" /><!-- duration: 8ms -->
    </step><!-- duration: 405ms -->
  </step><!-- duration: 1308ms -->
  <step title="Outgoing response" date="2025-12-27T11:46:37.973" type="response" statusCode="202" statusText="Accepted" /><!-- duration: 7ms -->
</step><!-- duration: 1389ms -->
