<step title="Incoming Request" date="2025-12-27T11:57:53.134" instance="978fb3" url="/api/zipdeploy?isAsync=true" method="POST" type="request" pid="768,1,30" Accept="*/*" Host="ai-quality-dashboard-backend-v2.scm.azurewebsites.net" User-Agent="AZURECLI/2.53.0 (MSI)" Accept-Encoding="gzip, deflate" Authorization="Bea..." Cache-Control="no-cache" Content-Type="application/octet-stream" Content-Length="874822" x-ms-client-request-id="3fca634b-e31b-11f0-b13d-00155d1fb888" X-ARR-LOG-ID="3fca634b-e31b-11f0-b13d-00155d1fb888" CLIENT-IP="139.5.248.177:60410" X-SITE-DEPLOYMENT-ID="ai-quality-dashboard-backend-v2" WAS-DEFAULT-HOSTNAME="ai-quality-dashboard-backend-v2.scm.azurewebsites.net" X-Forwarded-Proto="https" X-AppService-Proto="https" X-Forwarded-TlsVersion="1.3" X-WAWS-Unencoded-URL="/api/zipdeploy?isAsync=true" X-Client-IP="139.5.248.177" X-Client-Port="60410" >
  <step title="Cleanup Xml Logs" date="2025-12-27T11:57:53.138" /><!-- duration: 8ms -->
  <step title="ZipPushDeploy" date="2025-12-27T11:57:53.168" >
    <step title="ZipDeploy. Extract zip." date="2025-12-27T11:57:53.180" /><!-- duration: 5ms -->
    <step title="Starting PushDeployAsync" date="2025-12-27T11:57:53.193" /><!-- duration: 6ms -->
    <step title="Writing artifact to /tmp/zipdeploy/255a93c8-eca4-4d7e-9a94-584287f8a620.zip" date="2025-12-27T11:57:53.221" >
      <step title="Writing multipart request body to /tmp/zipdeploy/255a93c8-eca4-4d7e-9a94-584287f8a620.zip" date="2025-12-27T11:57:53.225" /><!-- duration: 11ms -->
    </step><!-- duration: 5588ms -->
    <step title="Start deployment in the background" date="2025-12-27T11:57:58.853" >
      <step title="Acquiring Deployment Lock" date="2025-12-27T11:57:58.901" /><!-- duration: 5ms -->
      <step title="Acquired Deployment Lock" date="2025-12-27T11:57:58.948" /><!-- duration: 5ms -->
    </step><!-- duration: 200ms -->
  </step><!-- duration: 5894ms -->
  <step title="Outgoing response" date="2025-12-27T11:57:59.067" type="response" statusCode="202" statusText="Accepted" /><!-- duration: 4ms -->
</step><!-- duration: 5942ms -->
