<step title="Incoming Request" date="2025-12-27T12:19:32.257" instance="978fb3" url="/deploy?scmType=ExternalGit&amp;isAsync=true" method="POST" type="request" pid="770,1,22" Host="ai-quality-dashboard-backend-v2.scm.azurewebsites.net" User-Agent="Azure-WebSites-Controller/106.0.7.121" Authorization="Bas..." Expect="100-continue" Content-Length="87" x-ms-request-id="b50a4180-a226-4a80-8ab3-d77c4dd88409" X-ARR-LOG-ID="b50a4180-a226-4a80-8ab3-d77c4dd88409" CLIENT-IP="20.119.155.3:1986" X-SITE-DEPLOYMENT-ID="ai-quality-dashboard-backend-v2" WAS-DEFAULT-HOSTNAME="ai-quality-dashboard-backend-v2.scm.azurewebsites.net" X-MS-PLATFORM-INTERNAL="True" X-Forwarded-Proto="https" X-AppService-Proto="https" X-Forwarded-TlsVersion="1.3" X-WAWS-Unencoded-URL="/deploy?scmType=ExternalGit&amp;isAsync=true" X-Client-IP="20.119.155.3" X-Client-Port="1986" >
  <step title="Cleanup Xml Logs" date="2025-12-27T12:19:32.267" /><!-- duration: 37ms -->
  <step title="FetchHandler" date="2025-12-27T12:19:32.394" >
    <step title="Executing external process" date="2025-12-27T12:19:32.539" type="process" path="git" arguments="rev-parse --git-dir" /><!-- duration: 370ms -->
    <step title="Executing external process" date="2025-12-27T12:19:32.929" type="process" path="git" arguments="rev-parse --git-dir" /><!-- duration: 87ms -->
    <step title="Executing external process" date="2025-12-27T12:19:33.025" type="process" path="git" arguments="log -n 1 main --" /><!-- duration: 352ms -->
    <step title="Start deployment in the background" date="2025-12-27T12:19:33.408" >
      <step title="Executing external process" date="2025-12-27T12:19:33.465" type="process" path="git" arguments="rev-parse --git-dir" /><!-- duration: 196ms -->
      <step title="Executing external process" date="2025-12-27T12:19:33.681" type="process" path="git" arguments="rev-parse --git-dir" /><!-- duration: 59ms -->
      <step title="Executing external process" date="2025-12-27T12:19:33.760" type="process" path="git" arguments="log -n 1 main --" /><!-- duration: 280ms -->
      <step title="Acquiring Deployment Lock" date="2025-12-27T12:19:34.072" /><!-- duration: 28ms -->
      <step title="Acquired Deployment Lock" date="2025-12-27T12:19:34.180" /><!-- duration: 36ms -->
    </step><!-- duration: 1188ms -->
  </step><!-- duration: 2221ms -->
  <step title="Outgoing response" date="2025-12-27T12:19:34.655" type="response" statusCode="202" statusText="Accepted" /><!-- duration: 19ms -->
</step><!-- duration: 2455ms -->
