<step title="Incoming Request" date="2025-12-27T09:39:08.904" instance="978fb3" url="/api/zipdeploy?isAsync=true" method="POST" type="request" pid="768,1,5" Accept="*/*" Host="ai-quality-dashboard-backend-v2.scm.azurewebsites.net" User-Agent="AZURECLI/2.53.0 (MSI)" Accept-Encoding="gzip, deflate" Authorization="Bea..." Cache-Control="no-cache" Content-Type="application/octet-stream" Content-Length="700272" x-ms-client-request-id="8277b2f6-e307-11f0-bbdd-00155d1fb888" X-ARR-LOG-ID="8277b2f6-e307-11f0-bbdd-00155d1fb888" CLIENT-IP="139.5.248.177:51379" X-SITE-DEPLOYMENT-ID="ai-quality-dashboard-backend-v2" WAS-DEFAULT-HOSTNAME="ai-quality-dashboard-backend-v2.scm.azurewebsites.net" X-Forwarded-Proto="https" X-AppService-Proto="https" X-Forwarded-TlsVersion="1.3" X-WAWS-Unencoded-URL="/api/zipdeploy?isAsync=true" X-Client-IP="139.5.248.177" X-Client-Port="51379" >
  <step title="ZipPushDeploy" date="2025-12-27T09:39:09.710" >
    <step title="ZipDeploy. Extract zip." date="2025-12-27T09:39:09.741" /><!-- duration: 19ms -->
    <step title="None repository commit" date="2025-12-27T09:39:09.789" >
      <step title="Commit id: e083b54f-013f-4611-8eca-519877a28475" date="2025-12-27T09:39:09.794" Message="N/A" AuthorName="N/A" AuthorEmail="N/A" /><!-- duration: 12ms -->
    </step><!-- duration: 22ms -->
    <step title="Starting PushDeployAsync" date="2025-12-27T09:39:09.816" /><!-- duration: 7ms -->
    <step title="Writing artifact to /tmp/zipdeploy/1c21936d-a2ae-4669-aa2e-b7e994dad296.zip" date="2025-12-27T09:39:09.867" >
      <step title="Writing multipart request body to /tmp/zipdeploy/1c21936d-a2ae-4669-aa2e-b7e994dad296.zip" date="2025-12-27T09:39:09.874" /><!-- duration: 5ms -->
    </step><!-- duration: 86ms -->
    <step title="Start deployment in the background" date="2025-12-27T09:39:10.014" >
      <step title="Acquiring Deployment Lock" date="2025-12-27T09:39:10.054" /><!-- duration: 11ms -->
      <step title="Acquired Deployment Lock" date="2025-12-27T09:39:10.127" /><!-- duration: 12ms -->
    </step><!-- duration: 230ms -->
  </step><!-- duration: 562ms -->
  <step title="Outgoing response" date="2025-12-27T09:39:10.293" type="response" statusCode="202" statusText="Accepted" /><!-- duration: 5ms -->
</step><!-- duration: 1398ms -->
