<step title="BackgroundTrace" date="2025-12-27T11:51:22.748" instance="978fb3" url="/api/zipdeploy" method="POST" >
  <step title="Creating temporary deployment - FetchDeploymentManager" date="2025-12-27T11:51:22.865" /><!-- duration: 4ms -->
  <step title="Creating temporary deployment" date="2025-12-27T11:51:22.879" /><!-- duration: 85ms -->
  <step title="Performing fetch based deployment" date="2025-12-27T11:51:23.094" >
    <step title="Cleaning up temp folders from previous zip deployments and extracting pushed zip file /tmp/zipdeploy/e82fa160-ee02-4e31-9b6a-0212d335f2cd.zip (0.83 MB) to /tmp/zipdeploy/extracted" date="2025-12-27T11:51:24.300" >
      <step title="ChmodRecursive Process exited with total time taken in ms: 94" date="2025-12-27T11:51:24.508" /><!-- duration: 20ms -->
    </step><!-- duration: 233ms -->
    <step title="Deployment timer started" date="2025-12-27T11:51:26.558" >
      <step title="DeploymentManager.Deploy(id:e5a1f02d-d067-49b0-bf97-5d09d8780734)" date="2025-12-27T11:51:26.574" >
        <step title="Collecting changeset information" date="2025-12-27T11:51:26.608" /><!-- duration: 88ms -->
        <step title="Updating submodules" date="2025-12-27T11:51:26.706" /><!-- duration: 1136ms -->
        <step title="Determining deployment builder" date="2025-12-27T11:51:28.156" >
          <step title="Builder is BasicBuilder" date="2025-12-27T11:51:28.198" /><!-- duration: 17ms -->
        </step><!-- duration: 66ms -->
        <step title="PreDeployment: context.CleanOutputPath False" date="2025-12-27T11:51:28.288" >
          <step title="PreDeployment: context.OutputPath /home/site/wwwroot" date="2025-12-27T11:51:28.423" >
            <step title="Building" date="2025-12-27T11:51:28.592" >
              <step title="Executing external process" date="2025-12-27T11:51:28.924" type="process" path="starter.sh" arguments="/opt/Kudu/Scripts/parallel_rsync.sh /tmp/zipdeploy/extracted /home/site/wwwroot 8 /tmp/ False True  " /><!-- duration: 3619ms -->
              <step title="Triggering recycle (preview mode disabled)." date="2025-12-27T11:51:32.905" /><!-- duration: 5ms -->
              <step title="Modified file to trigger a restart of the app container." date="2025-12-27T11:51:32.935" /><!-- duration: 19ms -->
              <step title="Skip function trigger and logicapp sync because function is not enabled." date="2025-12-27T11:51:32.960" /><!-- duration: 5ms -->
            </step><!-- duration: 5341ms -->
          </step><!-- duration: 5535ms -->
          <step title="Cleaning up temp files" date="2025-12-27T11:51:33.963" /><!-- duration: 5ms -->
          <step title="Cleaning up temp files" date="2025-12-27T11:51:33.974" /><!-- duration: 510ms -->
          <step title="Reloading status file with latest updates" date="2025-12-27T11:51:34.799" >
            <step title="WebHooksManager.PublishEventAsync: PostDeployment" date="2025-12-27T11:51:34.809" /><!-- duration: 101ms -->
          </step><!-- duration: 116ms -->
          <step title="Cleaning up temporary deployment - fetch deployment was successful" date="2025-12-27T11:51:34.922" /><!-- duration: 5ms -->
        </step><!-- duration: 6701ms -->
      </step><!-- duration: 8438ms -->
