<step title="BackgroundTrace" date="2025-12-27T12:13:06.880" instance="978fb3" url="/deploy" method="POST" >
  <step title="Cleanup Xml Logs" date="2025-12-27T12:13:06.884" /><!-- duration: 83ms -->
  <step title="Creating temporary deployment - FetchDeploymentManager" date="2025-12-27T12:13:08.077" /><!-- duration: 17ms -->
  <step title="Creating temporary deployment" date="2025-12-27T12:13:08.134" /><!-- duration: 266ms -->
  <step title="Performing fetch based deployment" date="2025-12-27T12:13:09.648" >
    <step title="Deployment timer started" date="2025-12-27T12:13:29.421" >
      <step title="DeploymentManager.Deploy(id:623d4d1d97e6a46e0394fca1820efe4fc2729e86)" date="2025-12-27T12:13:29.496" >
        <step title="Collecting changeset information" date="2025-12-27T12:13:29.636" /><!-- duration: 410ms -->
        <step title="Updating submodules" date="2025-12-27T12:13:30.123" /><!-- duration: 1882ms -->
        <step title="Determining deployment builder" date="2025-12-27T12:13:33.820" >
          <step title="Builder is OryxBuilder" date="2025-12-27T12:13:35.139" /><!-- duration: 127ms -->
        </step><!-- duration: 1563ms -->
        <step title="PreDeployment: context.CleanOutputPath False" date="2025-12-27T12:13:37.859" >
          <step title="PreDeployment: context.OutputPath /home/site/wwwroot" date="2025-12-27T12:13:39.027" >
            <step title="Building" date="2025-12-27T12:13:39.643" >
              <step title="Executing external process" date="2025-12-27T12:13:41.041" type="process" path="bash" arguments="-c &quot;oryx build /home/site/repository -o /home/site/wwwroot --platform python --platform-version 3.11 -p virtualenv_name=antenv --log-file /tmp/build-debug.log  -i /tmp/8de45415c27ee08 --compress-destination-dir | tee /tmp/oryx-build.log ; exit $PIPESTATUS &quot;" /><!-- duration: 204035ms -->
              <step title="Using PythonDeploymentLogParser" date="2025-12-27T12:17:05.799" /><!-- duration: 5ms -->
              <step title="Triggering recycle (preview mode disabled)." date="2025-12-27T12:17:08.086" /><!-- duration: 48ms -->
              <step title="Modified file to trigger a restart of the app container." date="2025-12-27T12:17:08.194" /><!-- duration: 66ms -->
              <step title="Skip function trigger and logicapp sync because function is not enabled." date="2025-12-27T12:17:08.290" /><!-- duration: 18ms -->
            </step><!-- duration: 209977ms -->
          </step><!-- duration: 210601ms -->
          <step title="Cleaning up temp files" date="2025-12-27T12:17:09.632" /><!-- duration: 417ms -->
          <step title="Cleaning up temp files" date="2025-12-27T12:17:10.060" /><!-- duration: 521ms -->
          <step title="Reloading status file with latest updates" date="2025-12-27T12:17:10.613" >
            <step title="WebHooksManager.PublishEventAsync: PostDeployment" date="2025-12-27T12:17:10.619" /><!-- duration: 130ms -->
          </step><!-- duration: 143ms -->
          <step title="Cleaning up temporary deployment - fetch deployment was successful" date="2025-12-27T12:17:10.774" /><!-- duration: 5ms -->
        </step><!-- duration: 212985ms -->
      </step><!-- duration: 221365ms -->
