<step title="Incoming Request" date="2025-12-27T11:51:21.734" instance="978fb3" url="/api/zipdeploy?isAsync=true" method="POST" type="request" pid="768,1,5" Accept="*/*" Host="ai-quality-dashboard-backend-v2.scm.azurewebsites.net" User-Agent="AZURECLI/2.53.0 (MSI)" Accept-Encoding="gzip, deflate" Authorization="Bea..." Cache-Control="no-cache" Content-Type="application/octet-stream" Content-Length="874593" x-ms-client-request-id="4d4e7668-e31a-11f0-ab1f-00155d1fb888" X-ARR-LOG-ID="4d4e7668-e31a-11f0-ab1f-00155d1fb888" CLIENT-IP="139.5.248.177:49699" X-SITE-DEPLOYMENT-ID="ai-quality-dashboard-backend-v2" WAS-DEFAULT-HOSTNAME="ai-quality-dashboard-backend-v2.scm.azurewebsites.net" X-Forwarded-Proto="https" X-AppService-Proto="https" X-Forwarded-TlsVersion="1.3" X-WAWS-Unencoded-URL="/api/zipdeploy?isAsync=true" X-Client-IP="139.5.248.177" X-Client-Port="49699" >
  <step title="ZipPushDeploy" date="2025-12-27T11:51:22.522" >
    <step title="ZipDeploy. Extract zip." date="2025-12-27T11:51:22.536" /><!-- duration: 4ms -->
    <step title="None repository commit" date="2025-12-27T11:51:22.548" >
      <step title="Commit id: e5a1f02d-d067-49b0-bf97-5d09d8780734" date="2025-12-27T11:51:22.552" Message="N/A" AuthorName="N/A" AuthorEmail="N/A" /><!-- duration: 5ms -->
    </step><!-- duration: 14ms -->
    <step title="Starting PushDeployAsync" date="2025-12-27T11:51:22.567" /><!-- duration: 5ms -->
    <step title="Writing artifact to /tmp/zipdeploy/e82fa160-ee02-4e31-9b6a-0212d335f2cd.zip" date="2025-12-27T11:51:22.592" >
      <step title="Writing multipart request body to /tmp/zipdeploy/e82fa160-ee02-4e31-9b6a-0212d335f2cd.zip" date="2025-12-27T11:51:22.601" /><!-- duration: 11ms -->
    </step><!-- duration: 90ms -->
    <step title="Start deployment in the background" date="2025-12-27T11:51:22.730" >
      <step title="Acquiring Deployment Lock" date="2025-12-27T11:51:22.787" /><!-- duration: 12ms -->
      <step title="Acquired Deployment Lock" date="2025-12-27T11:51:22.856" /><!-- duration: 5ms -->
    </step><!-- duration: 240ms -->
  </step><!-- duration: 456ms -->
  <step title="Outgoing response" date="2025-12-27T11:51:23.000" type="response" statusCode="202" statusText="Accepted" /><!-- duration: 9ms -->
</step><!-- duration: 1280ms -->
