<step title="BackgroundTrace" date="2025-12-27T12:19:33.425" instance="978fb3" url="/deploy" method="POST" >
  <step title="Creating temporary deployment - FetchDeploymentManager" date="2025-12-27T12:19:34.226" /><!-- duration: 19ms -->
  <step title="Creating temporary deployment" date="2025-12-27T12:19:34.266" /><!-- duration: 260ms -->
  <step title="Performing fetch based deployment" date="2025-12-27T12:19:35.593" >
    <step title="Deployment timer started" date="2025-12-27T12:19:42.915" >
      <step title="DeploymentManager.Deploy(id:623d4d1d97e6a46e0394fca1820efe4fc2729e86)" date="2025-12-27T12:19:42.933" >
        <step title="Collecting changeset information" date="2025-12-27T12:19:42.970" /><!-- duration: 222ms -->
        <step title="Updating submodules" date="2025-12-27T12:19:43.320" /><!-- duration: 1303ms -->
        <step title="Determining deployment builder" date="2025-12-27T12:19:45.117" >
          <step title="Builder is OryxBuilder" date="2025-12-27T12:19:45.205" /><!-- duration: 29ms -->
        </step><!-- duration: 145ms -->
        <step title="PreDeployment: context.CleanOutputPath False" date="2025-12-27T12:19:45.592" >
          <step title="PreDeployment: context.OutputPath /home/site/wwwroot" date="2025-12-27T12:19:45.985" >
            <step title="Building" date="2025-12-27T12:19:46.279" >
              <step title="Executing external process" date="2025-12-27T12:19:46.822" type="process" path="bash" arguments="-c &quot;oryx build /home/site/repository -o /home/site/wwwroot --platform python --platform-version 3.11 -p virtualenv_name=antenv --log-file /tmp/build-debug.log  -i /tmp/8de454238af7bcb --compress-destination-dir | tee /tmp/oryx-build.log ; exit $PIPESTATUS &quot;" 