﻿<?xml version="1.0" encoding="utf-8"?>
<deployment>
  <id>6cc956e7-0247-43ed-bc7c-316cadf5b7fa</id>
  <author>N/A</author>
  <deployer>Push-Deployer</deployer>
  <authorEmail>N/A</authorEmail>
  <message>Created via a push deployment</message>
  <progress></progress>
  <status>Success</status>
  <statusText></statusText>
  <lastSuccessEndTime>2025-12-27T11:01:15.9494162Z</lastSuccessEndTime>
  <receivedTime>2025-12-27T11:00:14.0547495Z</receivedTime>
  <startTime>2025-12-27T11:00:15.40711Z</startTime>
  <endTime>2025-12-27T11:01:15.9494162Z</endTime>
  <complete>True</complete>
  <is_temp>False</is_temp>
  <is_readonly>True</is_readonly>
  <buildSummary />
</deployment>