﻿<?xml version="1.0" encoding="utf-8"?>
<deployment>
  <id>f95d11ef-5adf-4fa8-8531-72b8c49da6ee</id>
  <author>N/A</author>
  <deployer>Push-Deployer</deployer>
  <authorEmail>N/A</authorEmail>
  <message>Created via a push deployment</message>
  <progress></progress>
  <status>Success</status>
  <statusText></statusText>
  <lastSuccessEndTime>2025-12-27T10:04:16.5688756Z</lastSuccessEndTime>
  <receivedTime>2025-12-27T10:04:10.4562783Z</receivedTime>
  <startTime>2025-12-27T10:04:11.8419545Z</startTime>
  <endTime>2025-12-27T10:04:16.5688756Z</endTime>
  <complete>True</complete>
  <is_temp>False</is_temp>
  <is_readonly>True</is_readonly>
  <buildSummary />
</deployment>