﻿<?xml version="1.0" encoding="utf-8"?>
<deployment>
  <id>temp-5ab47cfc</id>
  <author>N/A</author>
  <deployer>GitHub</deployer>
  <authorEmail>N/A</authorEmail>
  <message>Fetch from https://github.com/vchinnu/AI-Quality-Dashboard</message>
  <progress></progress>
  <status>Failed</status>
  <statusText>Deployment has been stopped due to SCM container restart. The restart can happen due to a management operation on site. Do not perform a management operation and a deployment operation in quick succession. Adding a small delay can help avoid any conflicts.</statusText>
  <lastSuccessEndTime />
  <receivedTime>2025-12-27T12:19:34.3918609Z</receivedTime>
  <startTime>2025-12-27T12:19:34.3918609Z</startTime>
  <endTime>2025-12-27T12:19:47.2039964Z</endTime>
  <complete>True</complete>
  <is_temp>True</is_temp>
  <is_readonly>False</is_readonly>
  <buildSummary />
</deployment>