﻿<?xml version="1.0" encoding="utf-8"?>
<deployment>
  <id>42bb5357-89e2-48e6-8c9d-8fc15cb1cd5a</id>
  <author>N/A</author>
  <deployer>Push-Deployer</deployer>
  <authorEmail>N/A</authorEmail>
  <message>Created via a push deployment</message>
  <progress></progress>
  <status>Success</status>
  <statusText></statusText>
  <lastSuccessEndTime>2025-12-27T11:58:10.0296946Z</lastSuccessEndTime>
  <receivedTime>2025-12-27T11:58:03.0570912Z</receivedTime>
  <startTime>2025-12-27T11:58:04.8748267Z</startTime>
  <endTime>2025-12-27T11:58:10.0296946Z</endTime>
  <complete>True</complete>
  <is_temp>False</is_temp>
  <is_readonly>True</is_readonly>
  <buildSummary />
</deployment>