<step title="Incoming Request" date="2025-12-27T10:59:58.196" instance="978fb3" url="/api/zipdeploy?isAsync=true" method="POST" type="request" pid="770,1,38" Accept="*/*" Host="ai-quality-dashboard-backend-v2.scm.azurewebsites.net" User-Agent="AZURECLI/2.53.0 (MSI)" Accept-Encoding="gzip, deflate" Authorization="Bea..." Cache-Control="no-cache" Content-Type="application/octet-stream" Content-Length="9508146" x-ms-client-request-id="28b7c657-e313-11f0-a276-00155d1fb888" X-ARR-LOG-ID="28b7c657-e313-11f0-a276-00155d1fb888" CLIENT-IP="139.5.248.177:62202" X-SITE-DEPLOYMENT-ID="ai-quality-dashboard-backend-v2" WAS-DEFAULT-HOSTNAME="ai-quality-dashboard-backend-v2.scm.azurewebsites.net" X-Forwarded-Proto="https" X-AppService-Proto="https" X-Forwarded-TlsVersion="1.3" X-WAWS-Unencoded-URL="/api/zipdeploy?isAsync=true" X-Client-IP="139.5.248.177" X-Client-Port="62202" >
  <step title="Cleanup Xml Logs" date="2025-12-27T10:59:58.206" /><!-- duration: 9ms -->
  <step title="ZipPushDeploy" date="2025-12-27T10:59:58.329" >
    <step title="ZipDeploy. Extract zip." date="2025-12-27T10:59:58.340" /><!-- duration: 4ms -->
    <step title="None repository commit" date="2025-12-27T10:59:58.357" >
      <step title="Commit id: 6cc956e7-0247-43ed-bc7c-316cadf5b7fa" date="2025-12-27T10:59:58.362" Message="N/A" AuthorName="N/A" AuthorEmail="N/A" /><!-- duration: 4ms -->
    </step><!-- duration: 14ms -->
    <step title="Starting PushDeployAsync" date="2025-12-27T10:59:58.375" /><!-- duration: 5ms -->
    <step title="Writing artifact to /tmp/zipdeploy/6c1bc838-c5f4-4c34-b90f-4495a12ae5bc.zip" date="2025-12-27T10:59:58.412" >
      <step title="Writing multipart request body to /tmp/zipdeploy/6c1bc838-c5f4-4c34-b90f-4495a12ae5bc.zip" date="2025-12-27T10:59:58.419" /><!-- duration: 4ms -->
    </step><!-- duration: 3078ms -->
    <step title="Start deployment in the background" date="2025-12-27T11:00:01.712" >
      <step title="Acquiring Deployment Lock" date="2025-12-27T11:00:02.212" /><!-- duration: 56ms -->
      <step title="Acquired Deployment Lock" date="2025-12-27T11:00:02.791" /><!-- duration: 88ms -->
    </step><!-- duration: 1889ms -->
  </step><!-- duration: 5373ms -->
  <step title="Outgoing response" date="2025-12-27T11:00:03.739" type="response" statusCode="202" statusText="Accepted" /><!-- duration: 12ms -->
</step><!-- duration: 5581ms -->
