﻿<?xml version="1.0" encoding="utf-8"?>
<deployment>
  <id>e083b54f-013f-4611-8eca-519877a28475</id>
  <author>N/A</author>
  <deployer>Push-Deployer</deployer>
  <authorEmail>N/A</authorEmail>
  <message>Created via a push deployment</message>
  <progress></progress>
  <status>Success</status>
  <statusText></statusText>
  <lastSuccessEndTime>2025-12-27T09:39:23.9816634Z</lastSuccessEndTime>
  <receivedTime>2025-12-27T09:39:14.02671Z</receivedTime>
  <startTime>2025-12-27T09:39:15.8600159Z</startTime>
  <endTime>2025-12-27T09:39:23.9816634Z</endTime>
  <complete>True</complete>
  <is_temp>False</is_temp>
  <is_readonly>True</is_readonly>
  <buildSummary />
</deployment>