﻿<?xml version="1.0" encoding="utf-8"?>
<deployment>
  <id>d1c9ebc7-db4a-4651-9700-d077e7f52550</id>
  <author>N/A</author>
  <deployer>Push-Deployer</deployer>
  <authorEmail>N/A</authorEmail>
  <message>Created via a push deployment</message>
  <progress></progress>
  <status>Success</status>
  <statusText></statusText>
  <lastSuccessEndTime>2025-12-27T11:47:03.1062797Z</lastSuccessEndTime>
  <receivedTime>2025-12-27T11:46:41.5279215Z</receivedTime>
  <startTime>2025-12-27T11:46:42.9170235Z</startTime>
  <endTime>2025-12-27T11:47:03.1062797Z</endTime>
  <complete>True</complete>
  <is_temp>False</is_temp>
  <is_readonly>True</is_readonly>
  <buildSummary />
</deployment>