﻿<?xml version="1.0" encoding="utf-8"?>
<deployment>
  <id>e5a1f02d-d067-49b0-bf97-5d09d8780734</id>
  <author>N/A</author>
  <deployer>Push-Deployer</deployer>
  <authorEmail>N/A</authorEmail>
  <message>Created via a push deployment</message>
  <progress></progress>
  <status>Success</status>
  <statusText></statusText>
  <lastSuccessEndTime>2025-12-27T11:51:33.3890837Z</lastSuccessEndTime>
  <receivedTime>2025-12-27T11:51:26.634817Z</receivedTime>
  <startTime>2025-12-27T11:51:28.0716009Z</startTime>
  <endTime>2025-12-27T11:51:33.3890837Z</endTime>
  <complete>True</complete>
  <is_temp>False</is_temp>
  <is_readonly>True</is_readonly>
  <buildSummary />
</deployment>